Binder,pred_mean
20G80S,1236.6081780376353
GUL,775.1522043649762
