{
  "WW": {
    "numeric_stats": {
      "muscovite (%)": {
        "min": 14.5,
        "max": 27.5,
        "mean": 18.52173913043478,
        "std": 3.799059125829169
      },
      "phyllosilicates (%)": {
        "min": 19.5,
        "max": 32.5,
        "mean": 23.52173913043478,
        "std": 3.799059125829169
      },
      "P80 (%)": {
        "min": 63.41,
        "max": 78.78,
        "mean": 74.4532608695652,
        "std": 4.377877874723134
      },
      "D80 (\u00b5m)": {
        "min": 87.4,
        "max": 124.7,
        "mean": 97.58260869565218,
        "std": 10.741018042952623
      },
      "Gs": {
        "min": 2.73,
        "max": 2.91,
        "mean": 2.8578260869565217,
        "std": 0.05085548341365678
      },
      "E/C": {
        "min": 5.095238095238093,
        "max": 7.493115141955836,
        "mean": 6.443061078831313,
        "std": 0.7526969078677211
      },
      "Cw_f": {
        "min": 68.0,
        "max": 75.0,
        "mean": 71.05940993092533,
        "std": 2.1646637146558048
      },
      "Ad %": {
        "min": 0.0,
        "max": 3.0,
        "mean": 0.6847826086956522,
        "std": 1.0467340511863763
      },
      "Slump (mm)": {
        "min": 20.74,
        "max": 225.107,
        "mean": 90.95239130434781,
        "std": 37.364430171683196
      },
      "UCS28d (kPa)": {
        "min": 188.9420551549944,
        "max": 2563.85,
        "mean": 752.2039067345003,
        "std": 686.5065782833329
      }
    },
    "categorical_values": {
      "Binder": [
        "GUL",
        "Slag"
      ],
      "Tailings": [
        "WW"
      ]
    }
  },
  "L01_OLD": {
    "numeric_stats": {
      "muscovite (%)": {
        "min": 18.11,
        "max": 30.5,
        "mean": 21.914705882352933,
        "std": 3.3151558215503107
      },
      "phyllosilicates (%)": {
        "min": 27.97,
        "max": 40.36,
        "mean": 31.774705882352947,
        "std": 3.3151558215503103
      },
      "P80 (%)": {
        "min": 78.07,
        "max": 83.05,
        "mean": 81.4879411764706,
        "std": 1.4176473666570377
      },
      "D80 (\u00b5m)": {
        "min": 66.6,
        "max": 79.2,
        "mean": 70.24411764705883,
        "std": 3.22158681365145
      },
      "Gs": {
        "min": 2.95,
        "max": 3.09,
        "mean": 3.056470588235294,
        "std": 0.03800097036790697
      },
      "E/C": {
        "min": 5.94,
        "max": 8.94,
        "mean": 6.679117647058823,
        "std": 0.7608434739962873
      },
      "Cw_f": {
        "min": 63.1,
        "max": 72.0,
        "mean": 69.65882352941175,
        "std": 2.3801790534752385
      },
      "Ad %": {
        "min": 0.0,
        "max": 3.0,
        "mean": 0.9264705882352942,
        "std": 1.115577308152743
      },
      "Slump (mm)": {
        "min": 2.29,
        "max": 134.83,
        "mean": 93.26785308823528,
        "std": 41.400440611371074
      },
      "UCS28d (kPa)": {
        "min": 230.9,
        "max": 2470.3499999999995,
        "mean": 1048.3236458333333,
        "std": 492.2871241140758
      }
    },
    "categorical_values": {
      "Binder": [
        "GUL",
        "Slag"
      ],
      "Tailings": [
        "L01"
      ]
    }
  },
  "L01_NEW": {
    "numeric_stats": {
      "muscovite_added (%)": {
        "min": 0.0,
        "max": 18.0,
        "mean": 4.63,
        "std": 4.93297213116218
      },
      "muscovite_total (%)": {
        "min": 14.5,
        "max": 30.5,
        "mean": 20.192533333333333,
        "std": 3.807744649167857
      },
      "phyllosilicates (%)": {
        "min": 19.5,
        "max": 40.36,
        "mean": 28.209000000000003,
        "std": 5.621229914574599
      },
      "P20 (\u00b5m)": {
        "min": 37.43,
        "max": 45.0,
        "mean": 40.939822692871324,
        "std": 2.286835319500023
      },
      "P80 (\u00b5m)": {
        "min": 63.41,
        "max": 84.4492215614579,
        "mean": 79.91815752059148,
        "std": 3.4658267969687535
      },
      "Gs": {
        "min": 2.73,
        "max": 3.12,
        "mean": 2.984766666666667,
        "std": 0.11518029587309453
      },
      "E/C": {
        "min": 5.095238095238093,
        "max": 8.94,
        "mean": 6.547328993068093,
        "std": 0.7159322752054845
      },
      "Cw_f": {
        "min": 63.1,
        "max": 75.0,
        "mean": 70.25410952274189,
        "std": 2.218041999012322
      },
      "Ad %": {
        "min": 0.0,
        "max": 3.0,
        "mean": 0.955,
        "std": 1.1156270639507622
      },
      "Slump (mm)": {
        "min": 0.0,
        "max": 390.99999999999994,
        "mean": 115.04679201266666,
        "std": 57.667626773194186
      },
      "UCS28d (kPa)": {
        "min": 188.9420551549944,
        "max": 2684.8,
        "mean": 925.5894998367494,
        "std": 614.6411616231729
      },
      "muscovite_ratio": {
        "min": 0.0,
        "max": 0.6545454545454545,
        "mean": 0.19914675494486392,
        "std": 0.18632531445888045
      }
    },
    "categorical_values": {
      "Tailings": [
        "L01"
      ],
      "Binder": [
        "20G80S",
        "GUL"
      ]
    }
  }
}