{
  "best_model": "ridge",
  "metrics": {
    "linear": {
      "r2": 0.49025440267925335,
      "rmse": 287.1289868888175
    },
    "ridge": {
      "r2": 0.5053533767219274,
      "rmse": 282.8445540767581,
      "alpha": 3.1622776601683795
    },
    "elasticnet": {
      "r2": 0.5004566378945638,
      "rmse": 284.2411117167832,
      "best_params": {
        "model__alpha": 0.1,
        "model__l1_ratio": 0.9
      }
    }
  },
  "fidelity": {
    "global_vs_best": {
      "r2": 0.5452709079829803,
      "rmse": 267.7883510286799
    },
    "rules_vs_best": {
      "r2": 0.5738313275802144,
      "rmse": 259.24242300325125
    },
    "classic_linear_vs_best": {
      "r2": 0.5585865472854892,
      "rmse": 263.83845399732735
    },
    "classic_ridge_vs_best": {
      "r2": 0.5721065144494608,
      "rmse": 259.76650331491885
    },
    "classic_elasticnet_vs_best": {
      "r2": 0.568144948917777,
      "rmse": 260.9662307425556
    }
  }
}