{
  "global_vs_best": {
    "r2": 0.5452709079829803,
    "rmse": 267.7883510286799
  },
  "rules_vs_best": {
    "r2": 0.5738313275802144,
    "rmse": 259.24242300325125
  },
  "classic_linear_vs_best": {
    "r2": 0.5585865472854892,
    "rmse": 263.83845399732735
  },
  "classic_ridge_vs_best": {
    "r2": 0.5721065144494608,
    "rmse": 259.76650331491885
  },
  "classic_elasticnet_vs_best": {
    "r2": 0.568144948917777,
    "rmse": 260.9662307425556
  }
}