{
  "r2": 0.4771648866116629,
  "rmse": 290.7921445393713,
  "best_params": {
    "model__alpha": 0.1,
    "model__l1_ratio": 0.9
  }
}