{
  "overall_tree": {
    "r2": 0.5144018516004227,
    "rmse": 280.2456033696858
  },
  "by_binder": {
    "r2": 0.5280843951894033,
    "rmse": 276.2691974197903
  }
}